,app,review,rating,tokenized_review,replaced_review
1072,매일 운동 - 운동 & 피트니스 트레이너 - 빠르고 효율적인 운동,너무 힘들다,1,,
1167,매일 운동 - 운동 & 피트니스 트레이너 - 빠르고 효율적인 운동,훌륭,1,,
1192,매일 운동 - 운동 & 피트니스 트레이너 - 빠르고 효율적인 운동,좋아요,1,,
1226,매일 운동 - 운동 & 피트니스 트레이너 - 빠르고 효율적인 운동,칼로리점요,1,칼로리,칼로리
1244,매일 운동 - 운동 & 피트니스 트레이너 - 빠르고 효율적인 운동,너무너무아프당~~,1,,
1258,매일 운동 - 운동 & 피트니스 트레이너 - 빠르고 효율적인 운동,완전마음에쏙든,1,마음,마음
1277,매일 운동 - 운동 & 피트니스 트레이너 - 빠르고 효율적인 운동,그닥,2,,
1302,매일 운동 - 운동 & 피트니스 트레이너 - 빠르고 효율적인 운동,자꾸 오류 나는지,1,오류,오류
1408,매일 운동 - 운동 & 피트니스 트레이너 - 빠르고 효율적인 운동,이거모야몸으게가줄지도않아,1,모야,모야
1436,매일 운동 - 운동 & 피트니스 트레이너 - 빠르고 효율적인 운동,너무느림,2,느림,느림
1502,매일 운동 - 운동 & 피트니스 트레이너 - 빠르고 효율적인 운동,김서이,1,김서,김서
1583,매일 운동 - 운동 & 피트니스 트레이너 - 빠르고 효율적인 운동,혼자서도 할수있는 정말 맘에드는웹,1,,
1630,매일 운동 - 운동 & 피트니스 트레이너 - 빠르고 효율적인 운동,조금했는데 따라하기가 아고고~~,2,아고고,아고고
1661,매일 운동 - 운동 & 피트니스 트레이너 - 빠르고 효율적인 운동,운동의날이다.,1,운동,운동
1757,매일 운동 - 운동 & 피트니스 트레이너 - 빠르고 효율적인 운동,마지막에 계산도와준다는데 이거 뭔가요?,1,계산,계산
1788,매일 운동 - 운동 & 피트니스 트레이너 - 빠르고 효율적인 운동,다른 운동이 더 효과 있습니다.,2,운동,운동
1976,매일 운동 - 운동 & 피트니스 트레이너 - 빠르고 효율적인 운동,업뎃후 어플이 제대로 실행이 안됨,1,실행,실행
2039,Virtuagym Fitness Tracker - Home & Gym,동영상이 안되면 소용없는거잖아요ㅠㅠ,1,동영상,동영상
2051,Virtuagym Fitness Tracker - Home & Gym,동영상재생안됨..,1,동영상 재생,동영상 재생
2056,Virtuagym Fitness Tracker - Home & Gym,자세가 정확하지 않네요,1,자세 정확,자세 정확
2057,Virtuagym Fitness Tracker - Home & Gym,시리우스 사용자인데 왜 동영상 재생이 안될까요?,0,시리우스 동영상 재생,시리우스 동영상 재생
2121,체중 감량 운동 by Verv,이정도면 사기아닌가요 체험용 무료하고해서 다운받았어요 얼마뒤 폰을 바꿔서 이 어플을 다운 받았다는것도 몰랐어요 1년동안 한번도 사용하지않은 어플요금이 계속 나갔더군요 전부 환불해주세요,1,체험 무료 요금 환불,체험 무료 요금 환불
2123,체중 감량 운동 by Verv,댓글을 이제 봤네요 깔고 바로 삭제했는데 결제 안되게 해주세요,1,댓글 삭제 결제,댓글 삭제 결제
2124,체중 감량 운동 by Verv,탈퇴하고 싶은데 방법을 모르겠어요. 로그아웃밖에 안보여요..(메세지는 잘 받았습니다 하지만 영어로 되어 있어서 알 수가 없어요 한국말로 해석 해주세요) 다시 사용중입니다. 그래도 나중에 위해 탈퇴하고 싶어요,1,탈퇴 방법 로그아웃 메세지 영어 해석 탈퇴,탈퇴 방법 로그아웃 메세지 영어 해석 탈퇴
2128,체중 감량 운동 by Verv,체험판 사용해보고 결정하려고 했는데 왜 멋대로 결제하나요. 환불해주세요.,1,체험 결정 결제 환불,체험 결정 결제 환불
2129,체중 감량 운동 by Verv,결제취소해주세요 결제한적없는데 결제되있네요,1,결제 취소 결제 결제,결제 취소 결제 결제
2130,체중 감량 운동 by Verv,따로 설명이 없어서 유로인지 모르고 다운로드 했습니다.사이트는 열어보지 않고 후기를 보고 바로 삭제했네요. 혹시 자동 유로 신청이 될까 글 남김니다 반드시 취소 부탁드립니다. 취소 후 바로 확인 답변 주시기 바랍니다.,1,설명 유로 다운로드 사이트 후기 삭제 자동 유로 신청 취소 부탁 취소 확인,설명 유로 다운로드 사이트 후기 삭제 자동 유로 신청 취소 부탁 취소 확인
2131,체중 감량 운동 by Verv,결제취소해주세요.,1,결제 취소,결제 취소
2132,체중 감량 운동 by Verv,자동결제 환불해주시고 계정탈퇴 요망,1,자동 결제 환불 계정 탈퇴 요망,자동 결제 환불 계정 탈퇴 요망
2133,체중 감량 운동 by Verv,Sorry I didn't know that it is paid automatically. I want to refund it as soon as possible and drop out from this application.,1,,
2134,체중 감량 운동 by Verv,자동결제 안되게해주시고 환불해주세요,1,자동 결제 환불,자동 결제 환불
2135,체중 감량 운동 by Verv,아니ㄱㅋㅋㅋ 결제가 왜 되냐 프리미엄 한 적도 없는데 당장 결제취소해줘요 Give me a refund right away. Why do you pay as you like? I didn't choose premium,1,결제 프리미엄 결제 취소,결제 프리미엄 결제 취소
2136,체중 감량 운동 by Verv,무료인줄알았는데 결제가 되었네요 취소해주세요,1,무료 결제 취소,무료 결제 취소
2137,체중 감량 운동 by Verv,결제 취소해주세요.,1,결제 취소,결제 취소
2138,체중 감량 운동 by Verv,"I applied for a free 7-day trial, but I'd like to cancel it. Please do not accept automatic payment aften 7days. Please do.",2,,
2139,체중 감량 운동 by Verv,환불하는 방법좀 알려주세요! 동의하나없이 이렇게 결제하는게 무슨 경우에요? 한번도 사용안했으니 결제취소해주세요,1,환불 방법 동의 결제 결제 취소,환불 방법 동의 결제 결제 취소
2141,체중 감량 운동 by Verv,결제취소부탁드립니다.,1,결제 취소 부탁,결제 취소 부탁
2142,체중 감량 운동 by Verv,무료인줄 알고 앱을 설치했는데 자동결제가 되었습니다 환불해주세요,1,무료 설치 자동 결제 환불,무료 설치 자동 결제 환불
2143,체중 감량 운동 by Verv,취소하려하는데 취소좀부탁드려요,1,취소 취소 부탁,취소 취소 부탁
2144,체중 감량 운동 by Verv,설치하고 댓글봤는데 자동결제라고해서 들어가지않고 바로 지웠는데 설마 자동결제된건 아니겠죠? 만약 되있으면 취소해주세요,1,설치 댓글 자동 결제 자동 결제 취소,설치 댓글 자동 결제 자동 결제 취소
2145,체중 감량 운동 by Verv,저기요.. 한달계산했는데 취소하려고합니다. 취소가 안되요 계정탈퇴하는법좀요,1,계산 취소 취소 계정 탈퇴,계산 취소 취소 계정 탈퇴
2146,체중 감량 운동 by Verv,자동결제됬네요...당장 취소 바랍니다,1,자동 결제 취소,자동 결제 취소
2148,체중 감량 운동 by Verv,무료인줄 알고 다운 받았는데 전혀 이용하지 않았고 앱도 삭제 했습니다 결제 확인후 취소 해주세요,1,무료 삭제 결제 확인 취소,무료 삭제 결제 확인 취소
2149,체중 감량 운동 by Verv,오늘 다운받고 지웠어요 자동결제 안되게 지금 취소해주세요,1,자동 결제 취소,자동 결제 취소
2150,체중 감량 운동 by Verv,무료인줄알았는데 결제가되었네요? 취소해주세요.,1,무료 결제 취소,무료 결제 취소
2151,체중 감량 운동 by Verv,무료로 되어있어 내려받았다가 밑에 글읽고 바로 삭제했어요. 자동결제 안되게 해주세요.,1,무료 삭제 자동 결제,무료 삭제 자동 결제
2152,체중 감량 운동 by Verv,무료인줄 알고 들어왔는데 결제해야하는건가봐요? 이용안했어요. 취소해주세요,1,무료 결제 용안 취소,무료 결제 용안 취소
2153,체중 감량 운동 by Verv,취소 좀 해주세요ㅠ,1,취소,취소
2154,체중 감량 운동 by Verv,사용하지도 않는데 자동결제 되어 돈이 나가고 있네요. 해지해주세요. 아니면 해지하는 방법을 알려주세요. 이렇게 지동결제 되는 시스템인데 왜 결제해지는 이리도 어렵나요? 빨리 해지해주세요. 그리고 답변도 빨리 해주시고요.,1,자동 결제 해지 해지 방법 지동 결제 시스템 결제 이리 해지,자동 결제 해지 해지 방법 지동 결제 시스템 결제 이리 해지
2155,체중 감량 운동 by Verv,7일 무료 사용 해봤는데 구매 의사가 없어 어플 삭제 했습니다 구독 취소와 결제 취소 부탁합니다,1,무료 구매 의사 삭제 구독 취소 결제 취소 부탁,무료 구매 의사 삭제 구독 취소 결제 취소 부탁
2156,체중 감량 운동 by Verv,무료로 사용해보려고했는데 자동결제가 헉! 빨리 취소해주세요,1,무료 자동 결제 취소,무료 자동 결제 취소
2157,체중 감량 운동 by Verv,잘못결제를 했습니다 환불요청 드립니다..ㅜ,1,결제 환불 요청,결제 환불 요청
2159,체중 감량 운동 by Verv,무료체험 끝나기도 전에 삭제했는데 왜 혼자 결제되나요 환불해주세요,1,무료 체험 삭제 결제 환불,무료 체험 삭제 결제 환불
2160,체중 감량 운동 by Verv,이거결제되기전에취소해주세요제발..,1,결제 취소,결제 취소
2162,체중 감량 운동 by Verv,"지금 앱삭제한상태고 쓰도안하고 결제된것 자체를 모르고잇엇는데 지금 계속 달달이 결제되고잇네요ㅡㅡ취소 환불 요청합니다~~안해주시면 
구글로전화하겠습니다",1,삭제 상태 결제 결제 환불 요청 구글 전화,삭제 상태 결제 결제 환불 요청 구글 전화
2164,체중 감량 운동 by Verv,"한달을 하고 정기결제를 풀려고 했었습니다 하지만 아무런 알림도 안뜨고 다시 결제가 된다는 연락이 없어 시기를 놓치고 말았습니다 지금 
돈이 빠져나가고 뒤늦게 정기결제를 풀려고 하니 아무리 찾아도 이메일로 보내라는 말밖에는 없었습니다 이메일로 몇 번을 보내도 답장한번 
없어서 여기에 남깁니다 정기결제 푸는 법과 이메일 답장 좀 부탁드립니다 제발 이메일로 보내라고 시스템을 해놨으면 확인 좀 하고 
답장부탁드려요",1,정기 결제 결제 연락 시기 정기 결제 이메일 이메일 정기 결제 이메일 이메일 시스템 확인 부탁,정기 결제 결제 연락 시기 정기 결제 이메일 이메일 정기 결제 이메일 이메일 시스템 확인 부탁
2165,체중 감량 운동 by Verv,7일 무료체험이라 해서 3일 지낫는데 너무 비싼거 같어요 결제 되기 전에 당장 취소해주세요!!!,1,무료 체험 결제 취소,무료 체험 결제 취소
2166,체중 감량 운동 by Verv,하지도 않는데 자동결제로 되어버렸네요ㅠ 환불해주세요 please refund,1,자동 결제 환불,자동 결제 환불
2167,체중 감량 운동 by Verv,갑자기 무료체험후에 결제가 되었어요;; 그것도 두달이나 ㅋ 환불해주세요 ㅋㅋ -> refund please.,1,무료 체험 결제 환불,무료 체험 결제 환불
2168,체중 감량 운동 by Verv,이거구독취소하는법좀알려주세요 자동결제비열하다 취소도없네 삭제해도 자동결제된다면서요?? 구독취소 어떻게해요?,1,구독 취소 자동 결제 비열 취소 삭제 자동 결제 구독 취소,구독 취소 자동 결제 비열 취소 삭제 자동 결제 구독 취소
2171,체중 감량 운동 by Verv,아니 무료체험후 갑자기 결제가 돼버렸네요 이런건 원래 물어봐야하는거아닌가요?? 10일 결제 1시간정도지났는데 환불요청합니다,2,무료 체험 결제 결제 환불 요청,무료 체험 결제 결제 환불 요청
2172,체중 감량 운동 by Verv,앱삭제했는데 자동결제되엇다고 알림받았구요 바로 구독취소했는데 출금되었으면 환불해주세요,1,삭제 자동 결제 구독 취소 출금 환불,삭제 자동 결제 구독 취소 출금 환불
2176,체중 감량 운동 by Verv,무료체험을했는데...구독하기 눌렀더니 돈이 나간다네요 ㅡㅡ,1,무료 체험 구독,무료 체험 구독
2177,체중 감량 운동 by Verv,"구글, 이렇게 야비하게 돈 벌고 싶냐? 쪽 팔리지도 않냐. 자동 구매를 시작  하기 전에는 기본 예의상 유료 구독 하겠냐고 물어 보고 결제 해야 하는거 아닌가. 개발자도 그렇고 구글 앞르로는 뭐든지 제확인 하고 사용 하겠음. 그리고 고마워 이거 없어도 열받고 짜증나서 그냥 살 빠졌어",1,구글 자동 구매 시작 기본 예의 유료 구독 결제 구글 확인 짜증,구글 자동 구매 시작 기본 예의 유료 구독 결제 구글 확인 짜증
2178,체중 감량 운동 by Verv,자동구독 되고 계속 돈나가는데 구독취소 찾아서 했습니다. 이번달것만 환불좀 해주세요. 몇달을 모르고 그냥 넘겼네요,1,자동 구독 구독 취소 환불,자동 구독 구독 취소 환불
2179,체중 감량 운동 by Verv,한번은 모르고잇다가 그냥 결제 대서 놔둿는데 또 결제 ㅡㅡ 환불해주세요,1,결제 환불,결제 환불
2180,체중 감량 운동 by Verv,유료네요 유료인거 알았음 안깔았을텐데..,2,유료 유료,유료 유료
2181,체중 감량 운동 by Verv,돈  들어가는거  알고나서 동의도  안누르고  바로  삭제했습니다  한번  더  잘처리되었는지  확인  부탁드립니다 결제안되게 두번 일  안하게  처리  부탁드립니다,1,동의 삭제 처리 확인 부탁 결제 처리 부탁,동의 삭제 처리 확인 부탁 결제 처리 부탁
2184,체중 감량 운동 by Verv,저 이거 쓰지도않앗는대 환불해주세요 어플지운지 꽤됫는대 ㅠ 돈만나갓어요 ㅠ,1,환불,환불
2203,7분 운동,왜 자꾸 일시정지되는지 모르겠어요... 속터져서 지웁니다,1,시정지,시정지
2223,7분 운동,사람 인조 목소리가 구리다,2,인조 목소리,인조 목소리
2241,7분 운동,반응속도가 너무 느리네요,1,반응 속도,반응 속도
2314,7분 운동,why free-version has more function than pro-version. update please.,2,,
2452,7분 운동,무슨 운동인지 모르겠어요 어떻게하고. 있는건지 모르겠다는겁니다,1,운동 겁니다,운동 겁니다
2471,7분 운동,"한달하면 어벤져스되겠네요! 운동은 크게 안 바뀌고 운동횟수만 처음 10회에서 나중에는 7,80회. 7분운동이 계속 할수록 17분. 27분 운동이 됩니다.  운동열의도 완전 꺾이고 재미도 없고 광고 더럽게 많고 최근 써본 어플 통틀어 최악!",1,어벤져스 운동 운동 횟수 운동 운동 운동 열의 재미 광고 최악,어벤져스 운동 운동 횟수 운동 운동 운동 열의 재미 광고 최악
2477,7분 운동,슬라이드 잠금 해제시 전체화면 광고 팝업됨. 설치하지 마세요.,1,제시 화면 광고 팝업 설치,제시 화면 광고 팝업 설치
2485,7분 운동,지금 다리운동클릭하면 자꾸 엉덩이뜸요 오류고쳐줘요 82,1,운동 클릭 엉덩이 오류,운동 클릭 엉덩이 오류
2489,7분 운동,try to run it before deploying new version. and do not deploy it just before weekend,1,,
2490,7분 운동,다리운동누르면 엉덩이운동으로 되고 다른건 잘되는데 다리만 엉덩이운동으로 바뀌어요,1,운동 엉덩이 운동 엉덩이 운동,운동 엉덩이 운동 엉덩이 운동
2508,7분 운동,노답,1,,
2539,7분 운동,임강혁,1,임강혁,임강혁
2673,7분 운동,갤7 쓰고있습니다 용량이충분한데 설치하면 오류가뜨면서 안돼네요,1,용량 설치 오류,용량 설치 오류
2814,7분 운동,시간도 적고 최고에요,2,최고,최고
2865,7분 운동,운동,1,운동,운동
2894,7분 운동,설명은 구글 번역기로돌렸나요??ㅋㅋ설명 똑바로해주세요,1,설명 구글 번역기 설명,설명 구글 번역기 설명
3041,7분 운동,‥,1,,
3085,7분 운동,이런닝길  복주머니준다드만  이건 머여,1,런닝 복주머니,런닝 복주머니
3129,7분 운동,딱 보면 듣보잡 국어를 만날 수 있다.,1,듣보잡 국어,듣보잡 국어
3156,7분 운동,"유료를 무료로 푼건가 했는데... 광고도 그대로고, 다른기능은 결제해야하고... 딱히...",2,유료 무료 광고 결제,유료 무료 광고 결제
3228,7분 운동,잠금해제해도 껏다 키면 다시 돌아가네,1,해제,해제
3297,7분 운동,그냥별로,2,,
3436,7분 운동,싫어요,2,,
3508,7분 운동,번역이 엉망이어서 오히려 원문이 있는게 더 나을듯 합니다,1,번역 엉망 원문,번역 엉망 원문
3629,7분 운동,동작설명이없냐 헐,1,동작 설명,동작 설명
3633,7분 운동,조라요,1,조라,조라
3637,7분 운동,몰라,1,,
3703,7분 운동,번역 엉뚱,2,번역,번역
3715,7분 운동,감사의날이다.^^,1,감사,감사
3910,7분 운동,운동초보자한테는 좀무리인것같네요,1,운동 초보 무리,운동 초보 무리
3922,7분 운동,체어스텝업은 뭐 어쩌라고요 그냥 올라가 서있으라고요?오르락내리락 하라고요?스쿼트는요?그냥 버텨요?런지도 그냥 그대로 버티고요? 화살표만 있는것도 웃긴데 ㅋㅋㅋㅋ운동 설명 제대로 해줬으면 좋겠네요,2,체어 쿼트 런지 화살표 운동 설명,체어 쿼트 런지 화살표 운동 설명
3937,7분 운동,ㅠㅠ 어끄저께 까진 괜찮았는데 저만 이런건가여?? ㅠ 목소리가 깨져서나와요 ㅠㅠ,2,목소리,목소리
3968,30일 피트니스 도전,장난하냐요?;; 30일 운동도 업데이트했는데- 여기는 업데이트안해주고;; 게다가 30일 운동도 보니까 프리미엄으로 따로 되어있다는데ㅡㅡ 유료 버젼 사는 사람들을 호구로 보이시나요?ㅡㅡ,1,운동 업데이트 업데이트 운동 프리미엄 유료 호구,운동 업데이트 업데이트 운동 프리미엄 유료 호구
3997,30일 다리살 빼기 다이어트,"너무 힘들어요 ㅜㅠ 왠만한 어른들도 못할듯 ㅠㅠ 포기하고 싶지않아도 포기하고 싶게 만드는 ,,,?",1,어른 포기 포기,어른 포기 포기
4003,30일 다리살 빼기 다이어트,자꾸 점검 중이라고 한 번도 못하고 삭제했네요...,2,점검 삭제,점검 삭제
4007,30일 다리살 빼기 다이어트,솔직히 학생들이 할만한건 없는데 가장 중요한 문제는 살은 정확히 한부분만 빼는건 불가능합니다 이 점 알아주세요,1,학생 중요 문제 가능,학생 중요 문제 가능
4011,30일 다리살 빼기 다이어트,하루 하루 할때 점점 늘어나는데 이걸 어린애가 할 수있는 운동은 아닌것같네요 그래도 30일까지 열심히 하겠습니다!!ㅎㅎ^^,2,어린애 운동,어린애 운동
4027,30일 다리살 빼기 다이어트,맨날 점검중이세요?들어가면 점검중이라고 떠요..,2,점검 점검,점검 점검
4047,30일 다리살 빼기 다이어트,이거하고나서 그다음날 다리가 후들거리고 못걸어다셔요,1,,
4068,30일 다리살 빼기 다이어트,진짜 잘못된 정보들이 많습니다. 다리가 두꺼워진 이유는 혈액순환이 안된거 이기 때문에 스트레칭을 해줘야 하는데 여기서 스쿼트 런지등 다리 근육을 써서 다리에 근육을 만들게 해주는 그런운동입니다. 실제로 연예인들은 다리 관리할때 이런 하체 운동보다 다리를 스트레칭 해주거나 마사지를 이용해서 관리를 해줍니다. 혈액순환이 되게요.,1,정보 이유 혈액 순환 스트레칭 쿼트 런지 근육 근육 운동 연예인 관리 하체 운동 스트레칭 마사지 관리 혈액 순환,정보 이유 혈액 순환 스트레칭 쿼트 런지 근육 근육 운동 연예인 관리 하체 운동 스트레칭 마사지 관리 혈액 순환
4070,30일 다리살 빼기 다이어트,이딴걸 어플이라고 쳐 만드냐. 찌라시 어플 그 이상 그 이하도 아니다.,1,이하,이하
4090,30일 다리살 빼기 다이어트,빠지지 않나요 리뷰 남겨주세요,1,리뷰,리뷰
4098,30일 다리살 빼기 다이어트,별로임...,1,,
4108,30일 다리살 빼기 다이어트,제가 12일째인데  오히려더  알이생겨서 더두꺼워진듯,2,,
4115,30일 다리살 빼기 다이어트,하체,1,하체,하체
4119,30일 다리살 빼기 다이어트,렉이 너무 걸려요 어제부터 버퍼링도 심하구..,1,버퍼링,버퍼링
4123,30일 다리살 빼기 다이어트,설치안되네요~ㅠ,1,설치,설치
4149,30일 다리살 빼기 다이어트,계속 로딩만 되다가 화면에서 나가져서 깔았다가 바로 지웁니다.,1,로딩 화면,로딩 화면
4151,30일 다리살 빼기 다이어트,초딩도돼게만들어주세요 너무뚱뚱해서 운동해야돼거든요,1,초딩 운동,초딩 운동
4160,30일 다리살 빼기 다이어트,와파 4개로 빵빵한데도 이러네요 왜이러죠?,2,와파,와파
4248,최고의 복근 피트니스 Best Abs Fitness,왜 이제야 알게 됬는지 아쉬울 정도에요^-^,2,,
4269,Google 피트니스: 건강 및 활동 추적,Wear OS를 사용하여 자동 수면 인식 기능 추가 좀 됬으면 좋겠다. 값싼 미핏도 되는건데 가격이 몇배나 비싼 Wear OS 기기에서 구글 피트니스 앱은 자동 수면 추적도 못하는지...,1,자동 수면 인식 추가 가격 기기 구글 피트 자동 수면 추적,자동 수면 인식 추가 가격 기기 구글 피트 자동 수면 추적
4271,Google 피트니스: 건강 및 활동 추적,키로수가 다시줄어드는데 ㅋㅋㅋ이거어떻게된겁니까,1,겁니까,겁니까
4277,Google 피트니스: 건강 및 활동 추적,자전거아닌데 왜 자꾸 자전거로 인식하는거야 망할,1,자전거 자전거 인식,자전거 자전거 인식
4278,Google 피트니스: 건강 및 활동 추적,갤워치랑은 호환이안되는군ㅠ,1,워치 호환,워치 호환
4285,Google 피트니스: 건강 및 활동 추적,인터페이스 너무 불편 직관성 떨어지고 버튼 너무 많이 눌러야함,1,인터페이스 불편 직관 버튼,인터페이스 불편 직관 버튼
4286,Google 피트니스: 건강 및 활동 추적,업뎃후 잘 인지를 못함.,2,인지,인지
4291,Google 피트니스: 건강 및 활동 추적,이거안깔아도 벌써 정보가져가고있더만,1,정보,정보
4292,Google 피트니스: 건강 및 활동 추적,한달에 한번정도는 작동이 안되네요. 연동도 안되고,2,작동 연동,작동 연동
4293,Google 피트니스: 건강 및 활동 추적,애플워치와 동시 착용하고 걸으면 걸음수는 비슷한데 거리는 절반 이하로 나옵니다 걸음수에 비해 터무니없이 거리가 짧게 나옵니다,2,애플 워치 동시 착용 걸음 절반 이하 걸음 거리,애플 워치 동시 착용 걸음 절반 이하 걸음 거리
4295,Google 피트니스: 건강 및 활동 추적,걸음수 측정해볼려고 설치해봤더니 너무 엉터리네요 그래서 삼성핼스깔아서 비교해봤더니 삼성핼스는 잘만올라가는데 이앱은 먹통..삼성핼스좀 보고 배우세요 개발자좀 재대로된사람영입하고요 아직 지우지는 않았습니다 업데이트 기대할게요,1,걸음 측정 설치 엉터리 비교 먹통 영입 업데이트 기대,걸음 측정 설치 엉터리 비교 먹통 영입 업데이트 기대
4299,Google 피트니스: 건강 및 활동 추적,"갑자기 접속시 내 정보 및에 아무것도 안 나오고 할 수 있는게 없고, 삭제 후 재설치해도 동일하네요",1,접속 정보 삭제 설치 동일,접속 정보 삭제 설치 동일
4300,Google 피트니스: 건강 및 활동 추적,步數一直不能更新，重新下載了還是一樣,1,步數 重新,步數 重新
4302,Google 피트니스: 건강 및 활동 추적,계속걸어도 적용이안되네요 계속500~600사이로 고정이안돼고 늘었다 줄었다합니다. 못해도운동겸해서 1000걸음은 넘게걸은거같은데도말이죠.,1,적용 사이 고정 운동 걸음,적용 사이 고정 운동 걸음
4303,Google 피트니스: 건강 및 활동 추적,몇일째 킬로수가 전혀 안올라가네요 ㅡㅡ.. 계속 걸어다니는데 o km입니다,1,킬로수,킬로수
4308,Google 피트니스: 건강 및 활동 추적,"Step수 대비, 이동거리의 오차가 심합니다. 같은 경로를 GPS로 측정한 실제거리와 단순 스탭수로 산정된 거리의 편차가 상당히 큽니다. 삼성헬스와 비교를 해봐도 두앱이 스탭수는 단단위까지 같은데도 이동거리는 언제나 구글피트니스가 훨씬 짧습니다. 어제도 Limpo앱으로 매일 가는 운동 경로로 GPS를 기반으로한 8.4km의 거리를 트래킹을 했는데 트래킹 없이 스탭수만으로 했을때는 약 1km나 덜 이동한것으로 나옵니다.",1,대비 동거리 경로 측정 거리 단순 스탭 산정 거리 편차 헬스 비교 스탭 단위 동거리 구글 피트 제도 운동 경로 기반 거리 트래킹 트래킹 스탭 이동,대비 동거리 경로 측정 거리 단순 스탭 산정 거리 편차 헬스 비교 스탭 단위 동거리 구글 피트 제도 운동 경로 기반 거리 트래킹 트래킹 스탭 이동
4315,Google 피트니스: 건강 및 활동 추적,로그인도 안되는걸 앱이라고 만든건가? 사용자가 질의를 하면 답변을 해줘야지,1,로그인 사용자 질의,로그인 사용자 질의
4317,Google 피트니스: 건강 및 활동 추적,주말에 운동량 보려고 월요일켜보니 먹통 지웠다 다시 깔아봐도 로그인도 안되고 뭐가 문제인지 알아볼 방법도 없고...... 괜히 구글 시스템 공부만 몇시간 했네 공부 시키려 일부러?... 역시 구글 똑똑해 ㅋ,1,주말 운동량 먹통 로그인 문제 방법 구글 시스템 공부 공부 구글,주말 운동량 먹통 로그인 문제 방법 구글 시스템 공부 공부 구글
4318,Google 피트니스: 건강 및 활동 추적,걸음수 체크가 안되는데 문제 해결 좀 해주세요~,1,걸음 체크 문제 해결,걸음 체크 문제 해결
4322,Google 피트니스: 건강 및 활동 추적,포켓몬 연동안됨!,1,포켓몬 연동,포켓몬 연동
4323,Google 피트니스: 건강 및 활동 추적,로그인 안됨,1,로그인,로그인
4324,Google 피트니스: 건강 및 활동 추적,잘되다가 아예 먹통 되서 앱 삭제후 다시 설치했더니 아예 접속이 안된다고 나오네요 해결이 안됩니다 이게 무슨 피트니스 앱입니까?,1,먹통 삭제 설치 접속 해결 피트,먹통 삭제 설치 접속 해결 피트
4325,Google 피트니스: 건강 및 활동 추적,포켓몬고랑 연걸이 안됌,1,포켓몬 고랑,포켓몬 고랑
4327,Google 피트니스: 건강 및 활동 추적,개빡띠네,2,,
4328,Google 피트니스: 건강 및 활동 추적,업데이트 이후 측정을못하네,1,업데이트 측정,업데이트 측정
4329,Google 피트니스: 건강 및 활동 추적,키로수가 안 맞아요,1,,
4330,Google 피트니스: 건강 및 활동 추적,아니...이럴꺼면 그냥 만들지 말아주세요...... 제대로 측정도 못하고.....칼로리는 채워지는데 걸음수는 그대로....제대로 업데이트를 하던가....그냥 서비스 종료하던가 해주세요. 대체왜 걸음만 그대로냐고...칼로리만 올라가는게 말이 된다고생각해요???아니 아예먹질 말던가 걸음까지 채워지든가 해야지 하나만 채워지는건 뭔데 장난합니까 지금? 애초에 사용자들 리뷰는 보는겁니까?,1,측정 칼로리 걸음 업데이트 종료 걸음 칼로리 걸음 뭔데 리뷰 겁니까,측정 칼로리 걸음 업데이트 종료 걸음 칼로리 걸음 뭔데 리뷰 겁니까
4331,Google 피트니스: 건강 및 활동 추적,포켓몬고 때문에깔았는데 걷기가아니라 자전거타기로 계속 출력되네요,2,포켓 자전거 출력,포켓 자전거 출력
4332,Google 피트니스: 건강 및 활동 추적,걷는데 자꾸 자전거타기로 인식해서 걸음수가 안올라가요,1,자전거 인식 걸음,자전거 인식 걸음
4333,Google 피트니스: 건강 및 활동 추적,걸었는데 자전거타기로 인식해서 걸음수가 안올라감,1,자전거 인식 걸음,자전거 인식 걸음
4334,Google 피트니스: 건강 및 활동 추적,무슨 이유에서인지 어제부터 운동량을 인식못하는 경우가 많아졌네요.,1,이유 운동량 인식,이유 운동량 인식
4335,Google 피트니스: 건강 및 활동 추적,몇일째 걷기가 0으로 되어있습니다.,1,,
4336,Google 피트니스: 건강 및 활동 추적,갤럭시7기준 5월9일부로 걸음수/거리/칼로리 다 안올라가요 8일까지만해도 잘올랐습니다. 매크로성 답변말고 수정부탁드립니다. 최근패치도 버그수정이더만 무슨 버그가 이리많나요,2,갤럭시 기준 걸음 거리 칼로리 매크로 수정 부탁 패치 버그 수정 버그,갤럭시 기준 걸음 거리 칼로리 매크로 수정 부탁 패치 버그 수정 버그
4337,Google 피트니스: 건강 및 활동 추적,미핏에서 심박수 수면시간 같은 데이터 불러오지도 못하고 삼성헬스랑도 연결안되고... 어플자체는 딸랑 활동량이랑 걸음수밖에 없고.... 어지간하면 구글껀 다 칭찬하고 선호하고 구글 어플을 기본 베이스로 쓰는데 구글 피트니스 어플 만큼은 진짜 노답이네요,1,심박수 수면 데이터 헬스 연결 활동 걸음 구글 칭찬 선호 구글 기본 베이스 구글 피트,심박수 수면 데이터 헬스 연결 활동 걸음 구글 칭찬 선호 구글 기본 베이스 구글 피트
4338,Google 피트니스: 건강 및 활동 추적,로그인이 안되서 못씀....,1,로그인,로그인
4341,Google 피트니스: 건강 및 활동 추적,걸음수 안올라감 쓰지마세요,1,걸음,걸음
4350,Google 피트니스: 건강 및 활동 추적,"oops, something went wrong이거좀 어떻게 고쳐주셔요. 인증이 안되는데 어떡하란거야",1,인증,인증
4351,Google 피트니스: 건강 및 활동 추적,로그인도안되는데 뭘하라는거냐,1,로그인,로그인
4352,Google 피트니스: 건강 및 활동 추적,로그인이 안됩니다 계정인증 할 수 없다는데ㅗ어떻게ㅗ하죠?,1,로그인 계정 인증,로그인 계정 인증
4353,Google 피트니스: 건강 및 활동 추적,계정인증이 안된다고 나옵니다,1,계정 인증,계정 인증
4355,Google 피트니스: 건강 및 활동 추적,다운받고 접속할려니 접속이 안됩니다.빠른개선 부탁 드립니다.ㅡㅡ,2,접속 접속 개선 부탁,접속 접속 개선 부탁
4357,Google 피트니스: 건강 및 활동 추적,로그인이 안되네 인터넷 잘만 되는데,1,로그인 인터넷,로그인 인터넷
4358,Google 피트니스: 건강 및 활동 추적,로그인자체가 안되는데 대체 뭔 평가를 해야함? ㅋㅋㅋㅋㅋ와이파이 3칸인데 인터넷 연결확인은 무슨ㅋ,1,로그인 평가 와이파이 인터넷 연결 확인,로그인 평가 와이파이 인터넷 연결 확인
4359,Google 피트니스: 건강 및 활동 추적,로그인이 안되는데요?,1,로그인,로그인
4360,Google 피트니스: 건강 및 활동 추적,로그인이 안되는걸요...,1,로그인 걸요,로그인 걸요
4362,Google 피트니스: 건강 및 활동 추적,이거 로그인이 되야 쓰던가하지...ㅡㅡ,1,로그인,로그인
4363,Google 피트니스: 건강 및 활동 추적,로그인 자체가 안되니 원..,1,로그인,로그인
4365,Google 피트니스: 건강 및 활동 추적,파슬 4세대 스마트워치랑 연동해서 하루동안의 심박수 그래프를 보여주는건 좋은데 .. 그래서 이 그래프를 보고 정상인지 문제가 있는지 판독은 어케함? 케어서비스나 닥터서비스 같은것도 연동해줘야하는것 아님???,2,세대 워치 연동 심박수 그래프 그래프 정상 문제 판독 케어 닥터 연동,세대 워치 연동 심박수 그래프 그래프 정상 문제 판독 케어 닥터 연동
4366,Google 피트니스: 건강 및 활동 추적,다른 운동어플과 동기화해서 쓸 수 있어서 통계내는 개념으로 쓰기 좋았는데 어느 날부턴가 동기화가 제대로 안 되고 그 날 그 날 동기화하고픈 어플이 따로 있는지 제멋대로 연동했다 안 됐다... 이러면 제 기능을 못 하고 있다고 해도 무방하겠네요.,1,운동 동기 통계 개념 동기 동기 연동,운동 동기 통계 개념 동기 동기 연동
4367,Google 피트니스: 건강 및 활동 추적,"운동시 가민시계를 사용하며 가민컨넥트와 스트라바를 연동하여 사용중입니다. 구글피트니스와 스트라바가 연동이 되어 가민시계의 데이터를 구글피트니스에 불러들이기는 합니다. 하지만, 런닝의 거리는 반영되고, 운동시간과 심박수 스텝은 점수에 반영되지 않습니다. 수영은 활동시간에 휴식 뺀 순수 수영시간이 표시되고, 운동시간에 전체시간이 표시되며 점수에 반영됩니다.",1,운동 시계 바를 연동 구글 피트 연동 시계 데이터 구글 피트 런닝 거리 반영 운동 심박수 스텝 점수 반영 수영 활동 순수 수영 표시 운동 표시 점수 반영,운동 시계 바를 연동 구글 피트 연동 시계 데이터 구글 피트 런닝 거리 반영 운동 심박수 스텝 점수 반영 수영 활동 순수 수영 표시 운동 표시 점수 반영
4368,Google 피트니스: 건강 및 활동 추적,garmin에서 나오는 기기와는 연결시킬 계획이 없나요? 개인적인 평가지만 연동이 안되면 그리 활용도가 없어서요,1,기기 연결 계획 개인 평가 연동 활용,기기 연결 계획 개인 평가 연동 활용
4369,Google 피트니스: 건강 및 활동 추적,불편함,1,불편,불편
4371,Google 피트니스: 건강 및 활동 추적,계정 인증이 안된다는데 해결 방법좀 확인해주세요,2,계정 인증 해결 방법 확인,계정 인증 해결 방법 확인
4372,Google 피트니스: 건강 및 활동 추적,포켓몬고와 연동이 안됨...,2,포켓몬 연동,포켓몬 연동
4373,Google 피트니스: 건강 및 활동 추적,몸무게ㅠ키 설정 안됨 운동량 설정부터 안 넘어감,1,몸무게 설정 운동량 설정,몸무게 설정 운동량 설정
4374,Google 피트니스: 건강 및 활동 추적,몸무게 키 입력도 제대로 안되고 운동량설정에서 왜 안넘어가죠?,1,몸무게 입력 운동량 설정,몸무게 입력 운동량 설정
4376,Google 피트니스: 건강 및 활동 추적,아니 왜 멀쩡하던 위젯을 삭제하는거임?,1,위젯 삭제,위젯 삭제
4378,Google 피트니스: 건강 및 활동 추적,아.. 로그인 운동량설정부터 막히네요.......결국앱삭하고 다시시작중,1,로그인 운동량 설정 시작,로그인 운동량 설정 시작
4379,Google 피트니스: 건강 및 활동 추적,로그인이안되내요,1,로그인,로그인
4381,Google 피트니스: 건강 및 활동 추적,은근 백그라운드 연동으로 배터리 광탈 일조함,2,백그라운드 연동 배터리 광탈 조함,백그라운드 연동 배터리 광탈 조함
4384,Google 피트니스: 건강 및 활동 추적,몇일이나 하루종일 엄청나게 걸었는데..어째서 매일 500걸음도 안되죠?,1,걸음,걸음
4387,Google 피트니스: 건강 및 활동 추적,"업뎃 이후 gps기능 이상해진거같은데요, 대중교통 이용한 거리를 걸었다 해버리질 않나 예전엔 정확했는데 진짜 안좋아졌어요",1,대중교통 거리 정확,대중교통 거리 정확
4388,Google 피트니스: 건강 및 활동 추적,직관성 최악,2,직관 최악,직관 최악
4389,Google 피트니스: 건강 및 활동 추적,걸음 수 인식을 잘 못함 1시간 30분을 걸었는데 1500걸음밖에 인식 안 됨,1,걸음 인식 걸음 인식,걸음 인식 걸음 인식
4394,Google 피트니스: 건강 및 활동 추적,매일 걸음 수를 쉽게 볼수있는 기본 기능조차 없는 최악의 앱,1,걸음 기본 최악,걸음 기본 최악
4398,Google 피트니스: 건강 및 활동 추적,위젯이 없습니다,2,위젯,위젯
4402,Google 피트니스: 건강 및 활동 추적,"업뎃 이후 지하철 이동이 걷기로 표기 되네요 저는 예전에는 개인적 운동 후 기록도 하곤 했었는데, 제가 잘 못 사용하고 있는건가요? 업뎃이후 맘에 들게 바뀟것이 하나도 없습니다.",1,지하철 이동 표기 개인 운동 기록,지하철 이동 표기 개인 운동 기록
4404,Google 피트니스: 건강 및 활동 추적,"After updating this time, widgets are gone. Too bad.",1,,
4405,Google 피트니스: 건강 및 활동 추적,업뎃하더니 위젯 사라짐. 위젯 추가좀,1,위젯 위젯 추가,위젯 위젯 추가
4406,Google 피트니스: 건강 및 활동 추적,매일 운동량 기록용으로 사용하고 있었는데 업데이트 이후로 지하철 이동 기록을 걷기로 표시해주는 앱으로 변해버렸네요.,1,운동량 기록 업데이트 지하철 이동 기록 표시,운동량 기록 업데이트 지하철 이동 기록 표시
4407,Google 피트니스: 건강 및 활동 추적,Okok international 몸무게.측정 어플 사옹하여 연동시키고 쓰고 있었는데 어느날부터 구글 피트니스 연동이.안됨..,1,몸무게 측정 사옹 연동 구글 피트 연동,몸무게 측정 사옹 연동 구글 피트 연동
4409,Google 피트니스: 건강 및 활동 추적,I need wedget. seriously!!!!!!!,2,,
4410,Google 피트니스: 건강 및 활동 추적,백만년 만에 업데이트 한다 했더니 위젯은 어따 팔아먹었냐. 윗젯 내놔.,1,백만 업데이트 위젯 어따,백만 업데이트 위젯 어따
4411,Google 피트니스: 건강 및 활동 추적,왜이래요 갑자기. 업뎃하기 전보다 불편하게 만들었어요 왜.,1,불편,불편
4412,Google 피트니스: 건강 및 활동 추적,왜 갑자기 위젯 없어졌나요,2,위젯,위젯
4413,Google 피트니스: 건강 및 활동 추적,어제까지 되던 위젯 다 어디로 갔나요 ㅠㅠ 지하철 이동을 걷기로 인식하네요..,1,위젯 지하철 이동 인식,위젯 지하철 이동 인식
4417,Google 피트니스: 건강 및 활동 추적,정확한 측정이 되지 않음 거리도 gps 측정인거 같은데 상당히 틀림 걸음수도 틀리고 ....,2,정확 측정 거리 측정 음수,정확 측정 거리 측정 음수
4419,Google 피트니스: 건강 및 활동 추적,사용이 불편..,1,불편,불편
4423,Google 피트니스: 건강 및 활동 추적,Can't connect with iPhone 10,1,,
4426,Google 피트니스: 건강 및 활동 추적,Bad,2,,
4433,Google 피트니스: 건강 및 활동 추적,대중교통이나 에스컬레이트를 사용할 때마다 자전거를 탄걸로 기록이 된다. 가능하면 내가 자주하는 운동을 선택해서 그것만 기록되게 하면 이런 오류는 없어지지 않을까 한다.,2,대중교통 에스 레이트 자전거 기록 가능 운동 선택 기록 오류,대중교통 에스 레이트 자전거 기록 가능 운동 선택 기록 오류
4436,Google 피트니스: 건강 및 활동 추적,사용하기 불편 보기 좋게 사용하기 편하게 고쳐야함 하지만 단순한건 좋음,1,불편 단순,불편 단순
4443,Google 피트니스: 건강 및 활동 추적,높은 정확성 모드 키라고 뜨는 거 좀 없애주세요. 보기 안 좋아요. 그거 없애려고 일부러 켰다가 설정 들어가서 껐는데 무슨 사용자가 바보도 아니고 그거 껐다고 또 키라고 뜨는 건 뭔 개념이죠? 쓸 데 없이 참견 마세요.,1,정확 모드 설정 바보 개념 참견,정확 모드 설정 바보 개념 참견
4450,Google 피트니스: 건강 및 활동 추적,의견을 보내세요,1,의견,의견
4453,Google 피트니스: 건강 및 활동 추적,계정정보를 다운로드할수 없습니다..라고 만 뜨고 쓸수가없음.. 그래서 별한개 남깁니다. 오류가 있는듯,1,계정 정보 다운로드 오류,계정 정보 다운로드 오류
4454,Google 피트니스: 건강 및 활동 추적,의견을 보내세요,1,의견,의견
4455,Google 피트니스: 건강 및 활동 추적,스마트워치3를 쓰는데 연동이 하나도 안돼요. 아무리 운동을 해도 걸음수가 0으로 나오구요. 자꾸 피트니스가 중지했다고 떠요..지웠는데 워치에서는 지워지지도 않아요ㅜ,2,워치 연동 운동 걸음 피트 중지 워치,워치 연동 운동 걸음 피트 중지 워치
4464,Google 피트니스: 건강 및 활동 추적,올초까지 쓰다 폰 초기화하면서 날아가서 안 쓰다가 어제 다시 깔았는데 배터리가 거의 2분에 1% 수준으로 떨어지네요. 아침에 일어나니 폰 꺼져서 지각함 ㅠㅠ,2,초기 배터리 수준 지각,초기 배터리 수준 지각
4466,Google 피트니스: 건강 및 활동 추적,자전거를 40여분 정도 타고 나서 확인해보니 같이 있는 LG 헬스에는 800보 정도로 환산해서 보여주는데 왜 이 앱은 44분 탔다고만 뜨고 기록에는 반영하지 않는건지 의문. 지하에서 탄 것도 아니고 청계천+중랑천 따라 갔는데 위치 기록도 하나도 안 되었고...,2,자전거 확인 헬스 환산 기록 반영 의문 지하 청계천 중랑천 위치 기록,자전거 확인 헬스 환산 기록 반영 의문 지하 청계천 중랑천 위치 기록
4475,Google 피트니스: 건강 및 활동 추적,"Mi fit 기록이 다음과 같이 누락되었습니다. 8/25, 26 기록이 통째로 google fit에서 빠져있음. 이미 동기화되어 있어서 이전 내용은 기록 되어있으며 그당시 특이하게 기록 누락의 원인이 되는 행동을 한 기억은 없음. 회신 부탁드립니다.///",2,기록 누락 기록 통째 동기 내용 기록 당시 특이 기록 누락 원인 행동 기억 회신 부탁,기록 누락 기록 통째 동기 내용 기록 당시 특이 기록 누락 원인 행동 기억 회신 부탁
4485,Google 피트니스: 건강 및 활동 추적,예전엔 목표활동이 완료되면 소리가 나서 나름 성취감이 생겼는데 업데이트 이후로 소리가 안나서 아쉽습니다,2,목표 활동 완료 소리 성취감 업데이트 소리,목표 활동 완료 소리 성취감 업데이트 소리
4496,Google 피트니스: 건강 및 활동 추적,It seems to have all necessary functions. The problem is the data is not much reliable. Walking 3000 steps during 8 minutes..? I cannot walk so fast.. I feel Shealth is much more reliable.,2,,
4497,Google 피트니스: 건강 및 활동 추적,이 어플 걸음수를 믿을수 있는거야... 최악의 형편없는 어플임..  별하나도 아깝다..,1,걸음 최악,걸음 최악
4501,Google 피트니스: 건강 및 활동 추적,LG-F180L Kitkat 모델에서 해당 app이 실행되지 않습니다. data 연결이 이미 되어 있음에도 계정 정보를 다운로드하지 못합니다. 사용자가 설정/권한등에서 해줘야 되는 내용이 있나요?,1,모델 실행 연결 계정 정보 다운로드 사용자 설정 권한 내용,모델 실행 연결 계정 정보 다운로드 사용자 설정 권한 내용
4509,Google 피트니스: 건강 및 활동 추적,한국어로 cal 이던 Cal이던 똑같이 읽히므로 칼로리가아니라 킬로칼로리라고 표기하는 것이 사용자들의 혼동이 없다고 생각되고 또한 영어표기도  대문자 C가 아닌 소문자 c 로 되어있어 문제입니다 이점들만 고쳐주시면 대단히 좋을것 같네요 수정되면 5점으로 바꾸겠습니다,1,한국어 칼로리 킬로칼로리 표기 혼동 영어 표기 대문자 소문자 문제 수정,한국어 칼로리 킬로칼로리 표기 혼동 영어 표기 대문자 소문자 문제 수정
4522,Google 피트니스: 건강 및 활동 추적,다른기기와연동이 되나요예를들면핏빗같은기기와,1,기기 연동 요예 기기,기기 연동 요예 기기
4525,Google 피트니스: 건강 및 활동 추적,보기는 좋게 되어있는데 정확하지가 않아요.,1,정확,정확
4526,Google 피트니스: 건강 및 활동 추적,자전거 시간대로 나오는데 왜km로안나옴? 안고치면 신고에다가 삭제ㄱㄱ,1,자전거 신고 삭제,자전거 신고 삭제
4529,Google 피트니스: 건강 및 활동 추적,활동 추적안하면 웨어랑 싱크도 안됨 강제추적인가......  있으나마나 ㅡ.ㅡ,2,활동 추적 웨어 싱크 강제 추적,활동 추적 웨어 싱크 강제 추적
4530,Google 피트니스: 건강 및 활동 추적,미밴드 연결도 제대로 안되고 중간기록이 사라져요 ㅜ 어떻게 복구 시킬수 있나요?? 계속이러는데 ㅜ,1,밴드 연결 기록 복구,밴드 연결 기록 복구
4534,Google 피트니스: 건강 및 활동 추적,워치에 저장된 데이터가 기기랑 연동되면서 초기화 되버리네요,2,워치 저장 데이터 기기 연동 초기,워치 저장 데이터 기기 연동 초기
4537,Google 피트니스: 건강 및 활동 추적,물론 자전거 탄 적 없어요. 그런데 자전거로 기록이.. 시간을 곰곰히 되짚어 보면 에스컬레이터 탄 시간이 아닐까하는 생각이 드네요. 걷기 기록도 오류가 있는건 아닐까 의심되네요..,2,자전거 자전거 기록 에스컬레이터 기록 오류 의심,자전거 자전거 기록 에스컬레이터 기록 오류 의심
4538,Google 피트니스: 건강 및 활동 추적,시계와 연동되는줄 알았는데 아니어서 실망했어요,2,시계 연동 실망,시계 연동 실망
4539,Google 피트니스: 건강 및 활동 추적,이런 엉터리 어플이 어디있습니까?  기록도 지 멋대로 변경돼고 지난 기록은 0 가 됐다 몇일지나면 엉터리 기록이 남아있고 ㆍㆍ 스마트 워치 에 필수 어플로 있는데 지우고 다른어플 받고 싶어도 불가능 ㆍㆍㆍ 최악,1,엉터리 기록 변경 기록 엉터리 기록 워치 필수 가능 최악,엉터리 기록 변경 기록 엉터리 기록 워치 필수 가능 최악
4548,Google 피트니스: 건강 및 활동 추적,좀 좋아졌다가 다시 배터리 사용량이 엄청납니다. 대기모드상태에서도 그렇구요. 높은정확성모드 온상태나 오프상태나 마찬가지더군요.,1,배터리 사용량 대기 모드 상태 정확 모드 상태 오프 상태,배터리 사용량 대기 모드 상태 정확 모드 상태 오프 상태
4550,Google 피트니스: 건강 및 활동 추적,걸음이이상한것만해결해줘요,2,걸음 해결,걸음 해결
4552,Google 피트니스: 건강 및 활동 추적,반나절만에 만보 다 채웠어요 이상함...,2,반나절 만보,반나절 만보
4553,Google 피트니스: 건강 및 활동 추적,위젯 로드 안됨,1,위젯 로드,위젯 로드
4555,Google 피트니스: 건강 및 활동 추적,오전에 4km 를 1시간 동안 걷고 저녁에 다시 1시간 걷는 경우.. 오전실적이 날라갑니다. 완전 치명적 오류 아닙니까?,1,저녁 실적 치명 오류,저녁 실적 치명 오류
4556,Google 피트니스: 건강 및 활동 추적,업댓하고 바보됨 인식도 제대로 안되고 엄청 무거워짐,2,바보 인식,바보 인식
4559,Google 피트니스: 건강 및 활동 추적,업데이트되고난후 기록이 거의다 사라집니다,1,업데이트 기록,업데이트 기록
4563,Google 피트니스: 건강 및 활동 추적,LG옵티머스G인데 오류로인해 구글피트니스를 다운도드할수없습니다 라고떠요,1,옵티머스 오류 구글 피트,옵티머스 오류 구글 피트
4568,Google 피트니스: 건강 및 활동 추적,체중변화 볼려고 열심히 기록했는데  심지어 오늘 아침에 기록한 체중도 데이터 없음 이라고 떠요.. 리뷰보고 좋은 어플인거 같아서 깔았는데 실망이네요 ㅠㅠ,2,체중 변화 기록 기록 체중 데이터 리뷰 실망,체중 변화 기록 기록 체중 데이터 리뷰 실망
4570,Google 피트니스: 건강 및 활동 추적,날짜를 잘못 읽어오고 때론 몇일씩 데이터가 사라지네요(기록이 안된걸 수도) 있고요,2,날짜 데이터 기록,날짜 데이터 기록
4574,Google 피트니스: 건강 및 활동 추적,수정 부탁드려요,1,수정 부탁,수정 부탁
4576,Google 피트니스: 건강 및 활동 추적,물어볼곳이없네요,2,,
4582,Google 피트니스: 건강 및 활동 추적,사각 지워치 같이쓰는데 계속 s5 심박센서에 불이 들어오네요. 지우고 재부팅하니 그제서야 안들어오네요.,2,사각 센서 부팅,사각 센서 부팅
4583,Google 피트니스: 건강 및 활동 추적,이유는 잘 모르겠지만  기록이 종종 사라짐  어느 순간 보면 오늘 좀전까지 30분 걸었다 라는게 표기 되고 있었는데 좀 있다가 보면 오늘 걸은게 하나도 없다   이런식으로 날라가거나 매일매일 걷는것중 하루 이틀치가 날라간다던지 함.  이런 데이터 날림 문제만 해결 되면 딱 좋을듯.  데이터 날림 문제 때문에 별 두개만 줍니다.,2,이유 기록 표기 데이터 날림 문제 해결 데이터 날림 문제,이유 기록 표기 데이터 날림 문제 해결 데이터 날림 문제
4584,Google 피트니스: 건강 및 활동 추적,위치정보 키는 것 외에 기록전송이되어야만 하는 것과 웨어러블과 동기화도 그냥 덮어쓰는 것 같네요,1,위치 정보 기록 전송 웨어 러블 동기,위치 정보 기록 전송 웨어 러블 동기
4596,Google 피트니스: 건강 및 활동 추적,"나이키러닝과 연동되는데 달리기가 중복으로 기록되는 문제점이라든지... 활동이 달리기, 걷기, 자전거만 있는건 개선이 많이 필요해 보이는거 같다.",2,러닝 연동 중복 기록 문제점 활동 자전거 개선 필요,러닝 연동 중복 기록 문제점 활동 자전거 개선 필요
4598,Google 피트니스: 건강 및 활동 추적,그냥 그럼,1,,
4601,Google 피트니스: 건강 및 활동 추적,계정 정보를 다운로드 할수 없다고 나오네요..  확인바랍니다..,1,계정 정보 다운로드 확인,계정 정보 다운로드 확인
4603,Google 피트니스: 건강 및 활동 추적,계정 정보를 다운로드 못한다고 뜨네요 ㅠ,1,계정 정보 다운로드,계정 정보 다운로드
4604,Google 피트니스: 건강 및 활동 추적,피트니스를 시작하려고 하면 계정 정보를 다운로드할 수 없다고 뜹니다.,1,피트 시작 계정 정보 다운로드,피트 시작 계정 정보 다운로드
4619,Google 피트니스: 건강 및 활동 추적,편집 취소 컨펌창에서 취소 버튼이 두개 노출되네요. 확인 버튼 어디감? 그리고 모토 360의 피트니스 기록이 다 없어졌어요~~ 이른 아침부터 욕 나올뻔~ 기록 좀 복구좀 해주세요~,2,편집 취소 취소 버튼 노출 확인 버튼 모토 피트 기록 기록 복구,편집 취소 취소 버튼 노출 확인 버튼 모토 피트 기록 기록 복구
4630,Sworkit 개인 트레이너,지들멋대로 무료체험 시작시켜놓고 언제까지인지 끝나면 얼마 결제되는지 알려주지도 않고 취소도 못하게 만들어놨네요 뭐하는짓인지 궁금하군요,1,무료 체험 시작 결제 취소,무료 체험 시작 결제 취소
4631,Sworkit 개인 트레이너,작년에 정기결제 취소했는데 왜 또 결제가 된거죠?? 환불해주세요~~~~~~,1,작년 정기 결제 취소 결제 환불,작년 정기 결제 취소 결제 환불
4632,Sworkit 개인 트레이너,유료로 사용할 가치가 없음. 무료체험 하지 마시길. 했다가 잊어먹고 안쓰다가 취소 못하면 낭패. 그만큼 의미나 가치가 없음. 가뜩이나 요새 무료 많으니 무료 쓰길.,1,유료 가치 무료 체험 취소 낭패 의미 가치 무료 무료,유료 가치 무료 체험 취소 낭패 의미 가치 무료 무료
4634,Sworkit 개인 트레이너,유료전환되었는데 퀄리티는 더안좋아진거같네요 동영상도 어느부분에서는 플레이가 안됩니다,1,유료 전환 퀄리티 동영상 플레이,유료 전환 퀄리티 동영상 플레이
4635,Sworkit 개인 트레이너,그냥 유료어플이네요,1,유료,유료
4636,Sworkit 개인 트레이너,처음쓰시는 분들 무료체험 구독하기 절대 누르지 마세요 구독하기 하고 나서 취소하는거 잊고 있다가 며칠 뒤에 정식으로 구독이 되어버려서 34000원 청구됩니다.. 환불요청도 안받아줍니다...,1,무료 체험 구독 구독 취소 구독 청구 환불 요청,무료 체험 구독 구독 취소 구독 청구 환불 요청
4637,Sworkit 개인 트레이너,지난달에 폰을 바꿔서 어플을 다시 깔고 계정로그인을 했는데 구매 복구가 안돼요,2,지난달 계정 로그인 구매 복구,지난달 계정 로그인 구매 복구
4639,Sworkit 개인 트레이너,아이가무료체험을눌렀다가자동결제가된듯합니다ㆍ그런데취소할방법을찾을수가없네요ㆍ환불요청합니다ㆍ방법을알려주세요,1,무료 체험 자동 결제 취소 방법,무료 체험 자동 결제 취소 방법
4642,Sworkit 개인 트레이너,환불해주세요 원치않는 결제가 되었습니다,1,환불 결제,환불 결제
4645,Sworkit 개인 트레이너,무료체험을 신청한후한달뒤 구매의사도 묻지않고 일년정기구독으로 결제되엇네요 빠른시일내에 환불해주세요,1,무료 체험 신청 구매 의사 정기 구독 결제 환불,무료 체험 신청 구매 의사 정기 구독 결제 환불
4646,Sworkit 개인 트레이너,유로대기전에 진짜 사용 잘했는데..바꾸니 사용 안할래요..다시 다운했는데 지울래요,1,유로 대기 지울,유로 대기 지울
4648,Sworkit 개인 트레이너,돈나가기전에 취소해주세요,1,취소,취소
4650,Sworkit 개인 트레이너,"어이가 없네요ㅡㅡ구독하지도 않았고 지금 현재까지 두번이나 결제됐어요 어플설치만 하고 운동하지도않아서 삭제햇는데 무슨 34000원이 
나가나요? 두달치 환불해주세요 쓰지도 않거든요?",1,결제 설치 운동 삭제 달치 환불,결제 설치 운동 삭제 달치 환불
4652,Sworkit 개인 트레이너,무료체험신청했다 결제됨.취소해주세요.체험신청한거 취소해주세요!!!!!!!!,2,무료 체험 신청 결제 취소 체험 신청 취소,무료 체험 신청 결제 취소 체험 신청 취소
4653,Sworkit 개인 트레이너,취소 환불 어떻게하죠? 취소해주세요,1,취소 환불 취소,취소 환불 취소
4656,Sworkit 개인 트레이너,좋은말 할때 환불해라,1,환불,환불
4659,Sworkit 개인 트레이너,당장 환불바랍니다 !!,1,환불,환불
4661,Sworkit 개인 트레이너,쓰지도않았는데 지스스로 구독결제 하구 빨리환불부탁드립니다,1,구독 결제 환불 부탁,구독 결제 환불 부탁
4662,Sworkit 개인 트레이너,처음 부터 로그인하고 결제유도 하네..바로 삭제,1,로그인 결제 유도 삭제,로그인 결제 유도 삭제
4664,Sworkit 개인 트레이너,한번도 실행안했는데 결제가됐네요 환불 어떻게하나요?,1,실행 결제 환불,실행 결제 환불
4665,Sworkit 개인 트레이너,뭐야? 오랜만에 설치했더니 유료네?? 프리미엄이 사라지고 유료로 전환한듯... 별로라 결제는 패스,1,설치 유료 프리미엄 유료 전환 로라 결제 패스,설치 유료 프리미엄 유료 전환 로라 결제 패스
4669,Sworkit 개인 트레이너,오랜만에설치하니 돈내라내요.. 예전에는무료여서  좋왓는대,1,설치 내라 무료,설치 내라 무료
4671,Sworkit 개인 트레이너,돈 내야되네여,1,,
4685,Sworkit 개인 트레이너,별로,1,,
4686,Sworkit 개인 트레이너,환불어떻게하죠?,1,환불,환불
4700,Sworkit 개인 트레이너,월정액으로 바꾸고 예전에 선구매로 받은 사람들은 재다운도 못하게 막아놨네요.?..... 너무무한다,1,정액 구매 무무,정액 구매 무무
4708,Sworkit 개인 트레이너,천원이나 더 결제 되네요;; 한달에 만원이 넘는 가격...비싸요ㄷㄷ,2,결제 가격,결제 가격
4715,Sworkit 개인 트레이너,분명 구매했었는데 어느 순간 인앱 결제로 바뀌어있었네요 이럴거면 기존 구매자들에게 판매를 뭐하로 한 것인지...,1,구매 결제 기존 구매자 판매 하로,구매 결제 기존 구매자 판매 하로
4725,Sworkit 개인 트레이너,환불해주세요,1,환불,환불
4744,Sworkit 개인 트레이너,필요없는  .....,1,필요,필요
4763,Sworkit 개인 트레이너,10분이 넘어가면 운동이 멈추네요,1,운동,운동
4765,Sworkit 개인 트레이너,동영상 안나오는것들 몇개있고 30분설정해놓고 운동하고있는데 17분되면 타이머 멈춰서 진행이 안되요. 이것저것 눌러도 멈춰서 아무것도 작동안되요. 저처럼 이런현상 나오시는 분들 계신거같은데 빠른 개선좀부탁드려요.,1,동영상 설정 운동 타이머 진행 작동 현상 개선,동영상 설정 운동 타이머 진행 작동 현상 개선
4768,Sworkit 개인 트레이너,운동을 하다보면 동영상이 안 나올때가 있네요,2,운동 동영상,운동 동영상
4787,Sworkit 개인 트레이너,개별로..진짜멈춤하려고하는데 멈춤안되고 렉걸리고 별로에요..좀고쳐주세요 ㅠㅠ,1,개별,개별
4791,Sworkit 개인 트레이너,고쳐주세요,1,,
4825,Sworkit 개인 트레이너,애플앱을 쓰다가 갤럭시탭을 쓰는데 운동목록이 다르네요 약6개정도가 안드가 더많아요 수정요구합니다. 아울러 실행되다가 멈추는 일이 잦고 시간설정시 불편합니다.,2,애플 갤럭시 운동 목록 수정 요구 실행 설정 불편,애플 갤럭시 운동 목록 수정 요구 실행 설정 불편
4893,Sworkit 개인 트레이너,실행하려해도 광고 뜨고 돈내라하고 이건 뭐 무료도 못볼정도로 광고를 ㅡㅡ,1,실행 광고 내라 무료 광고,실행 광고 내라 무료 광고
4900,Sworkit 개인 트레이너,반응과 로딩 느려서 답답함 근데 탈퇴는 대체 어딨는거임??,2,반응 로딩 탈퇴,반응 로딩 탈퇴
4902,Sworkit 개인 트레이너,한달만 구매 했는데 이번달에도 자동결제됬네요. 환불해주세요. 저번달에 보니까 결제 이후 클릭도 안되고 자꾸 렉걸려서 꺼지기만 하더만. 8월2일 자동결제된거 환불해주세요,1,구매 자동 결제 환불 결제 클릭 자동 결제 환불,구매 자동 결제 환불 결제 클릭 자동 결제 환불
4903,Sworkit 개인 트레이너,인앱결제하라고하다니,1,결제,결제
4905,Sworkit 개인 트레이너,이제는 광고  엄청 넣어서 동영상 안나오는 버그부터해서 앱 터치불가 까지 버그 제조기  및 광고 앱이 되었다.,1,광고 동영상 버그 터치 불가 버그 조기 광고,광고 동영상 버그 터치 불가 버그 조기 광고
4945,Sworkit 개인 트레이너,영상이안나와요,1,영상,영상
4988,Sworkit 개인 트레이너,시간만 정해주고 갯수는 알아서하라는건지...,2,,
5055,Sworkit 개인 트레이너,앱을 잘못 만들었다,1,,
5060,Sworkit 개인 트레이너,스트레칭 따라해보고 맘에 들어서 프리미엄 구입했는데 동영상이 재생이 안 되네요 😲,2,스트레칭 프리미엄 구입 동영상 재생,스트레칭 프리미엄 구입 동영상 재생
5153,Sworkit 개인 트레이너,자꾸 꺼져요,1,,
5159,Sworkit 개인 트레이너,별로내요,1,,
5183,Sworkit 개인 트레이너,ㅇㅇ,2,,
5186,Sworkit 개인 트레이너,탈퇴가 안되네요.,1,탈퇴,탈퇴
5189,Sworkit 개인 트레이너,30분 동안 앱을 보면서 운동을 하고 있는데 하다가 중지가 되었다면서 처음으로 돌아가네요..40분 동안 하면 몆 칼로리가 빠지는지 궁금했었는데 정말 허탈감이 듭니다. 그 이후로 2번인가 3번 더 그랬고요. 이 기능만 고쳐주신다면 별점 5개 입니다. 그래도 이 앱을 보면서 운동이 되네요...감사합시다. 하지만 제발 중지 되는 것 좀 막아주세요                                            --------------------------------제가 분명히 이 부분 좀 고쳐달라 했는데 그래도 안 고쳐주시네요. 실망했습니다.,2,운동 중지 칼로리 허탈감 별점 운동 감사 중지 실망,운동 중지 칼로리 허탈감 별점 운동 감사 중지 실망
5322,Sworkit 개인 트레이너,기종은 LG G3구요. 수정 부탁드려요~,1,기종 수정 부탁,기종 수정 부탁
5379,Sworkit 개인 트레이너,수정 부탁드립니다.,2,수정 부탁,수정 부탁
5430,Sworkit 개인 트레이너,은 왜 머할려고 걍 안받을게요,1,,
5452,Sworkit 개인 트레이너,미디어파일에대한 접근은 필요없을거같은데 왜있죠?  굳이 필요없을듯한데?,1,미디어 파일 접근 필요 필요,미디어 파일 접근 필요 필요
5471,Sworkit 개인 트레이너,준비 5초인데 ㅋㅋㅋㅋ 렉걸려서 시작만 하라네,1,준비 시작,준비 시작
5504,Sworkit 개인 트레이너,동영상이 자꾸 멈추내요 팅김도 자주 일어나고요,2,동영상,동영상
5517,Sworkit 개인 트레이너,중간에멈추네요 윤영자분들은 빨리고쳐주시요,1,윤영,윤영
5520,Sworkit 개인 트레이너,좋아요,1,,
5532,Sworkit 개인 트레이너,잘하다가 중간에 시간이 멈추네요. 얼른 고쳐주세요,1,,
5539,Sworkit 개인 트레이너,음성두있고동작두잘나와따라하기쉽네요,2,음성 동작,음성 동작
5602,Sworkit 개인 트레이너,설명 동영상이안나오는데 어쩌라는거지;;,1,설명 동영상,설명 동영상
5617,Sworkit 개인 트레이너,갑자기 이상해짐..시간은 가는데 영상 검는화면으로 가려지고 안나오는게 절반..;,2,영상 화면 절반,영상 화면 절반
5629,Sworkit 개인 트레이너,앱은 좋은데 팅겨서 무용지물..,1,무용지물,무용지물
5639,Sworkit 개인 트레이너,한개 하면 팅기고 할만 하면 팅기고 앱을 잘 만드시긴 했는데 팅기는것좀 막아주세요,2,,
5655,Sworkit 개인 트레이너,운동하다가 꼭 중간쯤에서 시간이 멈춰버리고 더이상 진행되지 않습니다. 그 상태에서 재생 등의 버튼도 작동되지 않습니다. 갤6.,1,운동 진행 상태 재생 버튼 작동,운동 진행 상태 재생 버튼 작동
5663,Sworkit 개인 트레이너,어플을 키고 운동시작하면 팅기고 들어가서 한동작하고 팅기고 이거 사용하라고 만든건가요? 아님 일부러 이렇게 만들었는건가요?,1,운동 시작 동작,운동 시작 동작
5879,Sworkit 개인 트레이너,운동하는 중간에 갑자기 화면이 검은색이 되고 소리만 나와요... 이러면 다시 껐다가 켜야되는데;; 왜이러죠,2,운동 화면 소리,운동 화면 소리
5902,Sworkit 개인 트레이너,자꾸 나가지네요 만지지도않았는데,1,,
5906,Sworkit 개인 트레이너,한 삼일 정도 썻는데 1분을 못 견디고 계속 꺼지네요,2,,
5946,Sworkit 개인 트레이너,이투스패드라는 기기를 쓰고있는데요. 거기서 재생이 되지가 않아요. 소리는 재생이 되는데 초록색화면 만 떠요. 수정만 해주시면 잘쓸 것 같습니다,2,투스 패드 기기 재생 소리 재생 초록색 화면 수정,투스 패드 기기 재생 소리 재생 초록색 화면 수정
5953,Sworkit 개인 트레이너,초기 구동시키면 렉 걸리듯 멈춤현상때문에 짜증남. 스타트가 안됨,2,초기 구동 현상 짜증 스타트,초기 구동 현상 짜증 스타트
6015,Sworkit 개인 트레이너,한번은 작동돼나 두번째는 정지됌,2,작동 정지,작동 정지
6028,Sworkit 개인 트레이너,좋은건 알겠는데..  팅겨요!!!,2,,
6088,Sworkit 개인 트레이너,혼자 운동하는 사람에게 쵝오...,2,운동,운동
6148,Sworkit 개인 트레이너,앱이하나보면끊겨요,1,,
6185,Sworkit 개인 트레이너,있잖아요.이거 사용할려고 아침부터 누르고 했는데...막 꺼지네요;;그게다 잘쫌 작동되나??싶으면 30초 휴식 .요기서 확 꺼지구요.이거 프로가 아니라서 그런건가요???,2,작동 요기,작동 요기
6186,Sworkit 개인 트레이너,운동시작 누르면 자꾸 꺼져요,1,운동 시작,운동 시작
6201,Sworkit 개인 트레이너,왜 계속 중간에 꺼지는거죠? 그러다 앱이 중단되고 다시 들어와야해요,1,중단,중단
6456,여성 피트니스 - 여성 운동,광고를 돈 주고 없애게 해주던가... 너무 불편합니다,1,광고 불편,광고 불편
6477,여성 피트니스 - 여성 운동,별은 0개는 못줘서 1개 주는데 플랭크가 30초에서 1분이되고 똑같은 운동을 했는데 칼로리 감량이 맨날 줄어들어요. 이거 깔지마세요. 1달만에 복근 만든다면서 빠지지않고 맨날해도 복근 안 만들어졌어요.,1,플랭크 운동 칼로리 감량 복근 복근,플랭크 운동 칼로리 감량 복근 복근
6544,여성 피트니스 - 여성 운동,음 유료인가요?,1,유료,유료
6659,여성 피트니스 - 여성 운동,돈 만 뺏깁니다 운동은 혼지하는겁니다,1,운동 겁니다,운동 겁니다
6678,여성 피트니스 - 여성 운동,제가 이 어플쓰고있는데 너무 나눠서 진행하다보니 일어났다가 누웠다가 너무 힘들어여 덩키킥했다가 다시 일어나고 또 스쿼트하다가 덩키킥 또 하고 그냥 한번에 만들어줬음 좋겠어여... 관절에 무리가서 하기싫어짐 간단하게 만들어줬음좋겠어여,1,진행 쿼트 관절 무리,진행 쿼트 관절 무리
6781,여성 피트니스 - 여성 운동,몽장한테 추천해주고싶은앱,1,몽장 추천,몽장 추천
6846,여성 피트니스 - 여성 운동,집에서 가능한 운동을 알려줘야하는데.뛰는 운동이 있음.층간소음 굳,2,가능 운동 운동 층간 소음,가능 운동 운동 층간 소음
6967,BetterMen: 운동 트레이너,참나ㅋㅋㅋ,1,,
6968,BetterMen: 운동 트레이너,결제하고 나서 앱을 둘러보니 제가 원하던 앱과는 전혀 다르네요. 그런데 구독취소를 했음에도 불구하고 취소가 안된다는게 이게 무슨말인지? 환불해주세요.,1,결제 구독 취소 취소 환불,결제 구독 취소 취소 환불
6969,BetterMen: 운동 트레이너,미안해요 나는 아픈사람이라서 돈을벌수없어요.. 그래서 이정도의 금액도 지불할수없어요.. 사실대로 유료라고 말해줬으면 안깔았을거예요 괜히 깔아서 미안해요...,1,미안 금액 지불 유료 미안,미안 금액 지불 유료 미안
6970,BetterMen: 운동 트레이너,구글에 연락해서 환불요청 하겠습니다 부위별 가지수만 많지 팩트가없네요 유튜브보고 따라하는게 이득인듯요,1,구글 연락 환불 요청 유튜브 이득,구글 연락 환불 요청 유튜브 이득
6971,BetterMen: 운동 트레이너,아니 맨몸 운동 같은거 알려주는 앱인줄 알았더니 계획 짜니까 돈 지르라하네 장난하다,1,운동 계획,운동 계획
6974,BetterMen: 운동 트레이너,환불요청 7일 무료라 그래서 눌럿는데 75000원 결제 됨. 환불요청 드립니다ㅡ,1,환불 요청 무료 결제 환불 요청,환불 요청 무료 결제 환불 요청
6976,BetterMen: 운동 트레이너,☆★☆★☆→→→→절대 다운 받지도 사지도 마세요 원하는거 다른 앱에 무료로 많습니다. 실행하자마자 원치않는 결제가 될 수도 있고 실수나 미사용분에 대한것도 환불해줄 생각없는 회사고 실수로나 7일체험결제 했다 취소 후 한달치 청구(운영정책 자체가 꼼수)로나 받은 돈으로 즉 코묻은돈 억지로 가지겠다는 마인드로 운영하는 회사이니 결제 안되게끔 조심하시고 아니 아예 다운받지도 마세요. 리뷰 읽고 다운받으세요. 한국 분들 ←←←←☆★☆★☆,1,사지 무료 실행 결제 미사 환불 회사 체험 결제 취소 달치 청구 운영 정책 꼼수 마인드 운영 회사 결제 조심 리뷰,사지 무료 실행 결제 미사 환불 회사 체험 결제 취소 달치 청구 운영 정책 꼼수 마인드 운영 회사 결제 조심 리뷰
6977,BetterMen: 운동 트레이너,7일후 무료체험이러면서 왜 결제되는 건가요 구독취소했으니 돈은 다시 환불되는 건가요? 진짜 빡치네요,1,무료 체험 결제 구독 취소 환불,무료 체험 결제 구독 취소 환불
6978,BetterMen: 운동 트레이너,일년에 4.99달러라해서 결제했더니 왜7만5천원이 빠져나가죠? 환불해주세요,1,달러 결제 환불,달러 결제 환불
6979,BetterMen: 운동 트레이너,이거 유투버보다가 자동으로다운했는데 로그인하지않았는데 돈나가나요??,1,유투 자동 로그인,유투 자동 로그인
6980,BetterMen: 운동 트레이너,막상결제해서 보니까 제가 원치않는 프로그램이라서 쓰기도전에 환불요청 했는데 환불이 안된다고요?? ㅋㅋ 장난하세요? 30초도 안썻어요 지금 뭐 구글정책이랑 안맞다고 환불요청 2번했는데 환불취소가 안된다는데 뭐 저보고 걍 돈 버리라는 건가요?? 환불해주세요 ㅡㅡ,1,결제 프로그램 환불 요청 환불 구글 정책 환불 요청 환불 취소 버리 환불,결제 프로그램 환불 요청 환불 구글 정책 환불 요청 환불 취소 버리 환불
6981,BetterMen: 운동 트레이너,실수로 결제했습니다 환불해주십쇼.,1,결제 환불,결제 환불
6982,BetterMen: 운동 트레이너,환불 요청이요,1,환불 요청,환불 요청
6984,BetterMen: 운동 트레이너,기대핫는데 결제 ㅋ,1,기대 결제,기대 결제
6985,BetterMen: 운동 트레이너,ㅋㅋㅋ 결제,1,결제,결제
6986,BetterMen: 운동 트레이너,무료라고해서 다운했는데 잘못눌러서 자동결재되는데 취소해주세요 환불해주세요,2,무료 자동 결재 취소 환불,무료 자동 결재 취소 환불
6987,BetterMen: 운동 트레이너,7일무료인데 왜결제되나요 다시환불해주세요,1,무료 결제 환불,무료 결제 환불
6988,BetterMen: 운동 트레이너,제가 원하던 어플도 아니고 75000원이나 결제되나요 환불 계속요청주인데 환불도안되고 제발 환불해주세요,1,결제 환불 요청 환불 환불,결제 환불 요청 환불 환불
6989,BetterMen: 운동 트레이너,마음대로 결제되네요 환불해주세요,1,결제 환불,결제 환불
6990,BetterMen: 운동 트레이너,환불 부탁 드립니다.,1,환불 부탁,환불 부탁
6991,BetterMen: 운동 트레이너,환불요청드립니다. 제가원하는앱이아닌거같습니다.,1,환불 요청,환불 요청
6992,BetterMen: 운동 트레이너,삭제희망요,1,삭제 희망,삭제 희망
6993,BetterMen: 운동 트레이너,아니 7일무료체험후 결제라더니 왜바로 결제되는건데요; 돈도없는데 털어가는것도아니고..;;; 환불해주세요,1,무료 체험 결제 결제 건데요 환불,무료 체험 결제 결제 건데요 환불
6994,BetterMen: 운동 트레이너,"7일 무료라더니 왜 바로 결제되고, 구독 최소해도 다음달에 최소되나요!! 환불 요청합니다",1,무료 결제 구독 최소 최소 환불 요청,무료 결제 구독 최소 최소 환불 요청
6995,BetterMen: 운동 트레이너,환불 해주세요 안되는데,1,환불,환불
6996,BetterMen: 운동 트레이너,환불요청 합니다. 실제로 들어가보니 제가 원하던 어플이 아니였습니다. 또한 결제를 안하면 넘어가지 않으면 확인 불가능하고 월 결제도 한꺼번에 되는건지 정확한 고지가 없었습니다.,1,환불 요청 결제 확인 가능 결제 정확 고지,환불 요청 결제 확인 가능 결제 정확 고지
6997,BetterMen: 운동 트레이너,구글통해 환불요청을 했는데.이 어플 개발자가 직접 결제취소 권한이 있다고 하네요. 결제취소 부탁드립니다.방법이 있을까요?,1,구글 환불 요청 결제 취소 권한 결제 취소 부탁 방법,구글 환불 요청 결제 취소 권한 결제 취소 부탁 방법
6998,BetterMen: 운동 트레이너,최악,1,최악,최악
6999,BetterMen: 운동 트레이너,환불이요,1,환불,환불
7000,BetterMen: 운동 트레이너,왜 화면에계좌가먼저안되어있냐고물어보는건가요?,2,화면 계좌,화면 계좌
7001,BetterMen: 운동 트레이너,f**kin' app,1,,
7002,BetterMen: 운동 트레이너,Please do not download,1,,
7003,BetterMen: 운동 트레이너,not a free app,1,,
7004,BetterMen: 운동 트레이너,Don't download this app. It's not for free. You can use another app's.,1,,
7008,5분 엉덩이 다리 – 하체 운동,잘 모르겠네요,1,,
7015,5분 엉덩이 다리 – 하체 운동,그냥,2,,
7018,5분 엉덩이 다리 – 하체 운동,아직 사용 안해봄 (후기는 나중에),1,후기,후기
7067,"엉덩이 운동, 힙 운동",광고가..광고때문에 운동 진행불가함,1,광고 광고 운동 진행 불가,광고 광고 운동 진행 불가
7073,최고의 엉덩이 운동,앱이 켜면 바로 꺼져요. 왜그럴까요?,1,,
7106,최고의 엉덩이 운동,운동구성자체는좋은데앱실행이버벅거리고화면터치도안먹고영상한번재생되면강제종료말곤암것도안먹힘,2,운동 구성 실행 화면 터치 영상 재생 강제 종료,운동 구성 실행 화면 터치 영상 재생 강제 종료
7113,FitOn - Free Fitness Workouts & Personalized Plans,It is not free. Dont bother if you are not willing to pay.,1,,
7136,DeFit - 피트니스 신청 앱 디버거,왜 안돼죠? 이것때문에 시간만 날렸네,1,,
7139,DeFit - 피트니스 신청 앱 디버거,"This point 1 is not 1, this is 6points ★★★★★★",1,,
7141,DeFit - 피트니스 신청 앱 디버거,아니 왜 광고과 없죠?,1,광고,광고
7142,DeFit - 피트니스 신청 앱 디버거,그냥 유료로 팔어 광고 뭐같애,2,유료 광고,유료 광고
7148,DeFit - 피트니스 신청 앱 디버거,갤럭시 노트 4에서 작동하지 않습니다. 어떻게 하면 좋을까요?,2,갤럭시 노트 작동,갤럭시 노트 작동
7178,매일 복부 운동 - 복부 운동 습관습관 - 운동 & 피트니스 트레이너,소리나는 광고 쳐 넣지마라,1,소리 광고,소리 광고
7179,매일 복부 운동 - 복부 운동 습관습관 - 운동 & 피트니스 트레이너,와우 진짜 재미없다.,1,,
7184,매일 복부 운동 - 복부 운동 습관습관 - 운동 & 피트니스 트레이너,휴식시간없이 운동을 하려니 힘만들고 운동하기 싫어지게 만드네요 운동은 즐기면서해야하는데 이운동법은 운동을 하기싫어지게 만듭니다 전 도움이 되질않는다고봅니다,2,운동 운동 운동 이운동 운동 도움,운동 운동 운동 이운동 운동 도움
7290,매일 복부 운동 - 복부 운동 습관습관 - 운동 & 피트니스 트레이너,복부운동에 아주 유익한 운동이라서 매일 동영상을 보면서 운동하고 있습니다,1,운동 운동 동영상 운동,운동 운동 동영상 운동
7305,매일 복부 운동 - 복부 운동 습관습관 - 운동 & 피트니스 트레이너,복근운동,2,복근 운동,복근 운동
7309,매일 복부 운동 - 복부 운동 습관습관 - 운동 & 피트니스 트레이너,ㅣㄴ5ㄴ,2,,
7430,매일 복부 운동 - 복부 운동 습관습관 - 운동 & 피트니스 트레이너,땀도 많이 나고 배도 무지 땡기네요,1,,
7489,매일 복부 운동 - 복부 운동 습관습관 - 운동 & 피트니스 트레이너,이제 시작인데 효과는.... 열심히 해 봐야죠!,1,시작,시작
7553,매일 복부 운동 - 복부 운동 습관습관 - 운동 & 피트니스 트레이너,열심히하세요!,1,,
7593,매일 복부 운동 - 복부 운동 습관습관 - 운동 & 피트니스 트레이너,못하겠어요ㅠㅠ,2,,
7609,매일 복부 운동 - 복부 운동 습관습관 - 운동 & 피트니스 트레이너,Keep on stopping. Its just a pc of crap that is just focus on selling pro version.,1,,
7612,매일 복부 운동 - 복부 운동 습관습관 - 운동 & 피트니스 트레이너,이걸로 40일만에 10kg 빠졌음다..전 하루에 3세트씩.. 좋은 어플임다,1,세트,세트
7660,매일 복부 운동 - 복부 운동 습관습관 - 운동 & 피트니스 트레이너,이거한번만해서연달아서붙인거임ㅋㅁㅋ이거저여자가계속하는거아님ㅋㅋㅋ,1,,
7677,매일 복부 운동 - 복부 운동 습관습관 - 운동 & 피트니스 트레이너,굿,2,,
7689,매일 복부 운동 - 복부 운동 습관습관 - 운동 & 피트니스 트레이너,테블릿이라 그런가?,1,블릿,블릿
7722,매일 복부 운동 - 복부 운동 습관습관 - 운동 & 피트니스 트레이너,동영상나오는건조은데영어구별로유용하진안은듯,1,동영상 영어 구별 유용,동영상 영어 구별 유용
7792,30일만에 뱃살 빼기 - 평평한 배 만들기,사용하지않는앱인데 한달13000원이 결재되고있어요ㆍ제발 해지방법갈켜주세요,1,결재 지방,결재 지방
7827,30일만에 뱃살 빼기 - 평평한 배 만들기,그렇게 운동이 되고있다...라는게 안 느껴져요,2,운동,운동
7912,30일만에 뱃살 빼기 - 평평한 배 만들기,시간 제한이 없어서 별루에요,1,제한,제한
7913,30일만에 뱃살 빼기 - 평평한 배 만들기,최악 ㅇ ㅅㄹㅌ ????????,1,최악,최악
7955,30일만에 뱃살 빼기 - 평평한 배 만들기,쓸만해서 조아요,1,조아,조아
7958,30일만에 뱃살 빼기 - 평평한 배 만들기,제가 해야할 것도 많고 시간이 없어서 그 날 11시 반? 좀 넘어서 운동하는데 그럼 중간중간 쉬고 그래서 자정을 넘깁니다. 근데 그럴 때마다 다음날로 기록되거나 기록이 초기화 됩니다. 힘들게 운동한 건데 좀 그러네요. 하지만 뱃살은 조금씩 빠지고 있는 것 같아요.,2,운동 자정 기록 기록 초기 운동 뱃살,운동 자정 기록 기록 초기 운동 뱃살
7984,30일만에 뱃살 빼기 - 평평한 배 만들기,대게 안좋음!!! 하면 옆으로 안됨 제 제작,1,제작,제작
8012,30일만에 뱃살 빼기 - 평평한 배 만들기,광고 너무 많이하네..,1,광고,광고
8159,30일만에 뱃살 빼기 - 평평한 배 만들기,광고때문에 앱을 삭제했는데 광고는 계속떠요 넘불편한대 어떻게해야 광고안뜨는지 알려주세요 넘 짜증나고 불편하네요,1,광고 삭제 광고 불편 광고 짜증 불편,광고 삭제 광고 불편 광고 짜증 불편
8164,30일만에 뱃살 빼기 - 평평한 배 만들기,광고좀 작작올리세요. 뭐하나볼때마다 수시로광고올라와서 계속 방해됨. 다신안쓰렵니다ㅡㅡ최악임,1,광고 광고 방해,광고 광고 방해
8211,30일만에 뱃살 빼기 - 평평한 배 만들기,와....진짜 30일동안 열심히 매일했는데 1키로도 안빠짐....깔지마세요 제가 이렇게 리뷰남기눈건 처음입니다 너무 안좋아요 무조건 깔지마세요,1,리뷰,리뷰
8272,30일만에 뱃살 빼기 - 평평한 배 만들기,와~~~~진짜 살다살다 식단 다줄이고 이앱해도 살안빠짐ㅋ이앱진짜 비춬ㅋ,1,식단,식단
8282,30일만에 뱃살 빼기 - 평평한 배 만들기,와 진짜 깜짝 놀란다 나 여덟 살인데 엄마한테 들킬까봐 완전 깜짝 놀랜다 이 앱 지워야지,1,,
8504,30일만에 뱃살 빼기 - 평평한 배 만들기,잘 사용하고있어요 근데 한가지 4일차때 휴식이라 나와있을때 확인 여러번누르면 기록창에서 날짜가 하나씩 늘어나고 운동 개수도 그만큼 늘어나요 3일차 운동하고 4일차 실수로 4번눌렀는데 운동횟수 7회로 나와있어서 결국 초기화시키고 다시시작했네요 이런오류만 좀 고쳐주셨음해요,2,휴식 확인 기록 날짜 운동 개수 운동 운동 횟수 초기 시작 오류,휴식 확인 기록 날짜 운동 개수 운동 운동 횟수 초기 시작 오류
8527,30일만에 뱃살 빼기 - 평평한 배 만들기,따라하면 좋을건같긴한데.... 동작끝나고 다음동작 넘어갈때 광고심하고. 소리가안나오거나. 큰화면으로 바뀌지않거나. 쉬는시간이 너무 질질끌거나해서 흐름이 무조건 끊긴다. 하다가 짜증나서 끄게됨. 유료버전을 하던지 하세요,2,동작 동작 광고 소리 화면 흐름 짜증 유료,동작 동작 광고 소리 화면 흐름 짜증 유료
8814,30일만에 뱃살 빼기 - 평평한 배 만들기,"운동은 되게 괜찮은데요, 리뷰제출창이 뜨더니 Gmail로 넘어가서는 안돌아와요. 그거 뻬고는 좋은 앱인데 아깝네요. 지우고 다시 깔고 있어요.",2,운동 리뷰 출창,운동 리뷰 출창
8823,30일만에 뱃살 빼기 - 평평한 배 만들기,아이들과 하는데 이상한 광고가 나오니 정말 짜증났ㄴㅔ요,2,광고 짜증,광고 짜증
8882,30일만에 뱃살 빼기 - 평평한 배 만들기,운동과는 별개로 앱을사용하는데 너무 불친절함 3번째 운동을하다가 실수로 넘겨버려서 4번째 운동에서 3번째로 안넘어가지네요 뒤로가기 를 만들어주시면 참 좋을것같아요 체계적으로 짜여져 있어서 순서대로 가는건 좋은데 이전운동을 못하고 넘어가니까 안한기분들어서 좀 그래요 중간부터 시작할수있게끔 운동을 누르면 그 구간부터 시작이 되야할탠데 그런게 없더라구요,1,운동 친절 운동 운동 체계 순서 운동 기분 시작 운동 구간 시작,운동 친절 운동 운동 체계 순서 운동 기분 시작 운동 구간 시작
8898,30일만에 뱃살 빼기 - 평평한 배 만들기,왜 자꾸 광고가 한개 끝날때마다 나오는거죠 ㅡㅡ 그거 없앨수없나요? 운동을 할수가 없네요..,1,광고 운동,광고 운동
8899,30일만에 뱃살 빼기 - 평평한 배 만들기,너무지겨움,1,,
8912,30일만에 뱃살 빼기 - 평평한 배 만들기,너무힘들어요.,1,,
8916,30일만에 뱃살 빼기 - 평평한 배 만들기,광고때문에 못하겟네요 짜증나서 ㅜㅜ,1,광고 짜증,광고 짜증
